{"cameraMode":{"drawMode":0,"name":"Shaded","section":"Shading Mode"},"sceneLighting":true,"audioPlay":false,"sceneViewState":{"showFog":true,"showMaterialUpdate":false,"showSkybox":true,"showFlares":true,"showImageEffects":true,"showParticleSystems":true},"in2DMode":false,"pivot":{"x":-0.0398869514465332,"y":2.29061222076416,"z":-0.5076549053192139},"rotation":{"x":0.019545432180166246,"y":0.9371094703674316,"z":0.05318212881684303,"w":-0.3444090485572815},"size":2.0571467876434328,"orthographic":false}